"날짜","조합명","회사명","기사 제목","링크","저장자","요약"
"2026-05-12","김기사랩투자조합 3호","리조트피플","리조트피플, 고려대 융합연구원과 AI 디지털 헬스케어 기술 사업화 MOU","https://n.news.naver.com/mnews/article/025/0003522716?sid=102","테스트담당자","리조트피플이 고려대 융합연구원과 AI 디지털 헬스케어 기술 사업화 협력"
"2026-05-15","김기사랩투자조합 2호","알세미","알세미, 75억 투자 유치…반도체 제조 자동화 조준[마켓인]","https://n.news.naver.com/mnews/article/018/0006280769?sid=101","테스트담당자","알세미, 반도체 제조 자동화 사업 위해 75억 투자 유치"
"2026-05-18","김기사랩투자조합4호","리뉴어스랩","“EU 탄소장벽 뚫을 AI 구원투수”…리뉴어스랩 ‘카본링크’, 팁스 선...","https://n.news.naver.com/mnews/article/029/0003027262?sid=101","U0B03AUF5J6","리뉴어스랩의 AI 기술 '카본링크'가 EU 탄소장벽 대응 솔루션으로 팁스 선정"
"2026-05-21","김기사랩투자조합4호","매일새옷","매일새옷, 트러스테이 '노크타운' 입주민 대상 세탁·수선 서비스 제공","https://www.newspim.com/news/view/20260521000749","U0B03AUF5J6","매일새옷이 트러스테이 노크타운 입주민을 위해 세탁·수선 서비스 제공"
"2026-05-21","김기사랩투자조합 2호","같다","환경자원 플랫폼 '빼기' 운영사 같다, 월 흑자전환 성공","https://www.datanet.co.kr/news/articleView.html?idxno=211821","U0B03AUF5J6","환경자원 플랫폼 '빼기' 운영사 같다가 월 흑자전환 달성"
"2026-05-28","김기사랩투자조합 3호","Argos","아르고스, NHN링크 손잡고 ‘티켓링크’ 부정 예매 차단… AI 본인인증 ...","https://www.venturesquare.net/1085763/","U0B03AUF5J6","아르고스가 NHN링크와 협력해 AI 본인인증으로 티켓 부정 예매를 차단"
"2026-05-28","김기사랩투자조합 3호","Argos","아르고스, NHN링크 손잡고 ‘티켓링크’ 부정 예매 차단… AI 본인인증 ...","https://www.venturesquare.net/1085763/","U0B03AUF5J6","아르고스가 NHN링크와 협력해 AI 본인인증으로 부정 예매를 차단"
"2026-06-02","김기사랩투자조합 2호","알세미","젠슨 황이 주목한 스타트업 ‘알세미’는 어떤 회사?","http://www.globalepic.co.kr/view.php?ud=20260601141629897748439a4874_29","U0B03AUF5J6","AI 칩 설계 소프트웨어 개발 스타트업 알세미가 젠슨 황의 주목을 받음"
"2026-06-04","김기사랩투자조합 3호","고레로보틱스","고레로보틱스, ‘엔비디아 GTC 타이페이 2026’ 스타트업 데이 무대 올라","https://n.news.naver.com/mnews/article/009/0005688596?sid=101","U0B03AUF5J6","고레로보틱스가 엔비디아 GTC 타이페이 2026 스타트업 데이에 참여"
"2026-06-05","김기사랩투자조합4호","수앤캐롯츠","수앤캐롯츠(Soo House), TIPS·리틀펭귄 선정… 외국인 운영 자동화 AI 플...","https://www.fntoday.co.kr/news/articleView.html?idxno=385638","U0B03AUF5J6","수앤캐롯츠가 TIPS와 리틀펭귄에 선정돼 외국인 운영 자동화 AI 플랫폼 개발 추진"
"2026-06-09","김기사랩투자조합 2호","알세미","알세미, 엔비디아와 손잡고 반도체·디스플레이 AI 모델링 확장[마켓인...","https://n.news.naver.com/mnews/article/018/0006300945?sid=101","U0B03AUF5J6","알세미가 엔비디아와 협력해 반도체·디스플레이 AI 모델링 사업 확장"
"2026-06-09","김기사랩투자조합 2호","페이히어","페이히어, 네이버 스마트스토어·카페24 연동","https://n.news.naver.com/mnews/article/030/0003435426?sid=101","U0B03AUF5J6","페이히어가 네이버 스마트스토어와 카페24 연동 서비스 출시"
"2026-06-10","김기사랩투자조합 2호","페이히어","[컬처슬로건 탐방기] 페이히어 고객 ‘집착’","https://www.venturesquare.net/1089964/","U0B03AUF5J6","페이히어의 고객 만족도 높은 이유와 기업 문화 탐방"
"2026-06-10","김기사랩투자조합 3호","케이뷰티월드와이드","케이뷰티월드와이드, 반려동물 식품 브랜드 ‘백살구’ 런칭.. 첫 제품 ...","https://n.news.naver.com/mnews/article/081/0003650848?sid=101","U0B03AUF5J6","케이뷰티월드와이드가 반려동물 식품 브랜드 '백살구' 런칭"
"2026-06-11","김기사랩투자조합4호","큐팁","[AI&빅데이터쇼] ""60분 영상도 한 번에""…큐팁, 올인원 생성 플랫폼 '타...","https://www.aitimes.com/news/articleView.html?idxno=211585","U0B03AUF5J6","큐팁이 60분 영상을 한 번에 처리하는 올인원 생성 플랫폼 선보임"
"2026-06-12","김기사랩투자조합 3호","남도마켓","[더벨][VC x 스타트업 동행] 트랜스링크인베, 남도마켓 비전을 산업으로...","https://www.thebell.co.kr/free/content/ArticleView.asp?key=202606091609122720103535","U0B03AUF5J6","트랜스링크인베가 남도마켓의 비전을 산업화로 추진"
"2026-06-12","김기사랩투자조합 2호","같다","같다 ‘빼기’, 번개장터와 손잡고 미사용 ‘장롱’ 스마트폰 자원순환...","https://n.news.naver.com/mnews/article/011/0004630358?sid=101","U0B03AUF5J6","같다가 번개장터와 협력해 미사용 스마트폰을 자원순환하는 '빼기' 서비스 출시"
"2026-06-15","김기사랩투자조합 1호","마이프랜차이즈","가맹본부 4500곳 쓰는 '마이프차', 행정·자문 티움이 맡는다","https://n.news.naver.com/mnews/article/119/0003100873?sid=101","U0B03AUF5J6","마이프랜차이즈, 가맹본부 4500곳 대상 행정·자문 서비스 제공"
"2026-06-16","김기사랩투자조합 3호","준컴퍼니","카랩, 자동차 생애주기 아우르며 디지털 전환 혁신","https://n.news.naver.com/mnews/article/020/0003727015?sid=101","U0B03AUF5J6","카랩이 자동차 생애주기 전체를 아우르는 디지털 전환 혁신 추진"
"2026-06-17","김기사랩투자조합 3호","준컴퍼니","카랩, '2026 K-모빌리티 테크 어워드' 플랫폼 비즈니스 부문 수상","http://www.enewstoday.co.kr/news/articleView.html?idxno=2439576","U0B03AUF5J6","카랩이 2026 K-모빌리티 테크 어워드 플랫폼 비즈니스 부문을 수상"
"2026-06-18","김기사랩투자조합 3호, 김기사랩투자조합4호","Argos","아르고스, 브이에이트코프에 비대면 본인 인증 솔루션 'ID check' 제공","https://www.dailysecu.com/news/articleView.html?idxno=207212","U0B03AUF5J6","아르고스가 브이에이트코프에 비대면 본인 인증 솔루션 'ID check'를 제공"
"2026-06-18","김기사랩투자조합 2호, 김기사랩투자조합 3호","론픽","론픽, 삼성화재 오픈이노베이션 선정… 근골격 기능회복 실증 시작","https://www.newspim.com/news/view/20260617000477","U0B03AUF5J6","론픽이 삼성화재 오픈이노베이션에 선정돼 근골격 기능회복 실증을 시작"
"2026-06-22","김기사랩투자조합 2호","페이히어","“정답 없는 문제를 푸는 법”…페이히어 대표가 꼽은 책[CEO의 서재]","https://n.news.naver.com/mnews/article/243/0000099411?sid=101","U0B03AUF5J6","페이히어 대표가 정답 없는 문제 해결 방법을 다룬 책을 추천"
"2026-06-22","김기사랩투자조합 2호","같다","[AI혁명](203)대형 폐기물, 데이터로 혁신하는 '같다'…""환경분야 유니콘...","https://n.news.naver.com/mnews/article/277/0005779020?sid=101","U0B03AUF5J6","AI 기술로 대형 폐기물을 데이터화하여 관리하는 '같다'가 환경 분야 유니콘 기업으로 성장"
"2026-06-23","김기사랩투자조합 2호","모아이스","모아이스, LG스포츠와 AI 기반 스포츠 동작 분석 협력 확대","https://n.news.naver.com/mnews/article/022/0004137225?sid=101","U0B03AUF5J6","모아이스, LG스포츠와 AI 스포츠 동작 분석 협력 확대"
"2026-06-27","김기사랩투자조합4호","조인트","B2B 외부 협업 메신저 '조인트', 10억 원 규모 시드 투자 유치","https://platum.kr/archives/289901","U0B03AUF5J6","B2B 협업 메신저 조인트가 10억 원 규모 시드 투자를 유치"
"2026-06-12","김기사랩투자조합 3호","나니아랩스","나니아랩스, KRISO 선박형상설계 AI 전략연구사업 참여","http://www.segyebiz.com/newsView/20260612506087?OutUrl=naver","","나니아랩스가 KRISO 선박형상설계 AI 전략연구사업에 참여"
"2026-06-17","김기사랩투자조합 3호","남도마켓","전통 도매시장, 디지털 전환 이끌어요","https://n.news.naver.com/mnews/article/009/0005695179?sid=101","","남도마켓이 전통 도매시장의 디지털 전환을 주도하고 있습니다"
"2026-07-02","김기사랩투자조합 1호","브이드림","""특수학생 졸업과 동시 채용""…브이드림, 강화교육지원청과 맞손","https://n.news.naver.com/mnews/article/008/0005380281?sid=101","U0B03AUF5J6","브이드림이 강화교육지원청과 협력해 특수학생 졸업과 동시 채용 프로그램 추진"
"2026-07-07","김기사랩투자조합 3호","나니아랩스","[어환희의 혁신창업의 길] 한 달 걸리던 설계, AI로 1분 컷…KAIST 교수의...","https://n.news.naver.com/mnews/article/025/0003535765?sid=110","U0B03AUF5J6","AI 기술로 한 달 걸리던 설계 작업을 1분으로 단축한 나니아랩스의 혁신 사례"
"2026-07-08","김기사랩투자조합 2호","알세미","""공정 병목 줄이는 기술로 반도체 생산속도 높이죠""","https://n.news.naver.com/mnews/article/009/0005704079?sid=101","U0B03AUF5J6","알세미, 공정 병목 해결 기술로 반도체 생산속도 향상"
"2026-07-08","김기사랩투자조합 3호","엑스크루","부산시·부산관광공사, 부산관광스타트업 육성사업 본격 시동","https://n.news.naver.com/mnews/article/082/0001388622?sid=102","U0B03AUF5J6","부산시와 부산관광공사가 부산관광스타트업 육성사업을 시작"
"2026-07-09","김기사랩투자조합 3호","고레로보틱스","[스타트업] ""건설 자재 운반, 로봇으로 해결"" 이동민 고레로보틱스 대표","http://www.newsprime.co.kr/news/article.html?no=739691","U0B03AUF5J6","고레로보틱스, 로봇으로 건설 자재 운반 솔루션 제공"
"2026-07-14","김기사랩투자조합 3호","고레로보틱스","고레로보틱스, 삼성 반도체 건설현장서 로봇 물류 자동화 검증","https://n.news.naver.com/mnews/article/030/0003447238?sid=105","U0B03AUF5J6","고레로보틱스, 삼성 반도체 건설현장에서 로봇 물류 자동화 검증"
"2026-07-14","김기사랩투자조합 2호","페이히어","페이히어, 결제 시스템 임대 1.6배 증가","http://www.hansbiz.co.kr/news/articleView.html?idxno=850068","U0B03AUF5J6","페이히어의 결제 시스템 임대 매출이 1.6배 증가"
"2026-07-16","김기사랩투자조합 3호","남도마켓","남도마켓, 동대문 도매상인 오프라인 지원공간 오픈","https://n.news.naver.com/mnews/article/025/0003537789?sid=101","U0B03AUF5J6","남도마켓이 동대문 도매상인을 위한 오프라인 지원공간을 개설"
"2026-07-16","김기사랩투자조합 3호","Argos","사람 넘어 AI까지 검증한다… 아르고스, 46억 원 투자 유치","https://www.venturesquare.net/1098904/","U0B03AUF5J6","AI 검증 솔루션 기업 아르고스가 46억 원 투자를 유치했다"
"2026-07-22","김기사랩투자조합 3호","남도마켓","디지털서울문화예술대학교 '패션산업학과', '2026 K-패션일러스트 공모...","http://www.bizwnews.com/news/articleView.html?idxno=141241","U0B03AUF5J6","디지털서울문화예술대학교 패션산업학과가 2026 K-패션일러스트 공모전 개최"
"2026-07-23","김기사랩투자조합 3호","남도마켓","“도매시장 디지털 표준 세운다”… 남도마켓, 60억 시리즈A 투자 유치","https://n.news.naver.com/mnews/article/020/0003735639?sid=101","U0B03AUF5J6","남도마켓, 도매시장 디지털화 추진으로 60억 원 시리즈A 투자 유치"
"2026-07-23","김기사랩투자조합 3호","Argos","AI 에이전트로 기업 운영 혁신… 아르고스, 강남구 미래사업 오픈이노베...","https://www.venturesquare.net/1100362/","U0B03AUF5J6","Argos가 AI 에이전트로 기업 운영을 혁신하며 강남구 미래사업에 참여"
"2026-07-24","김기사랩투자조합4호","수앤캐롯츠","행정사법인 세움 “체류자격, 받는 것보다 지키기가 더 어렵다”… 수하...","https://www.gosiweek.com/article/1065599046528778","U0B03AUF5J6","체류자격 취득보다 유지가 더 어려우므로 전문가 상담이 필요하다는 내용"
"2026-07-28","김기사랩투자조합 3호","고레로보틱스","[인터뷰] 고레로보틱스, 로봇으로 건설 기간을 단축하는 방법은","https://byline.network/?p=9004111222613256","U0B03AUF5J6","고레로보틱스가 로봇 기술로 건설 기간을 단축하는 방법을 소개"
"2026-07-30","김기사랩투자조합 2호","페이히어","페이히어, 테이블 오더에 AI 번역 도입","http://www.hansbiz.co.kr/news/articleView.html?idxno=853337","U0B03AUF5J6","페이히어가 테이블 오더 서비스에 AI 번역 기능을 추가했습니다"
"2026-07-31","김기사랩투자조합 3호","남도마켓","1년새 '매출 20배↑''누적거래 4000억 돌파'한 스타트업들 어디?","https://n.news.naver.com/mnews/article/008/0005393461?sid=101","U0B03AUF5J6","남도마켓 1년새 매출 20배 증가, 누적거래 4000억 돌파"
"2026-07-16","김기사랩투자조합4호","Argos","사람 넘어 AI까지 검증한다… 아르고스, 46억 원 투자 유치","https://www.venturesquare.net/1098904/","U0B03AUF5J6","AI 검증 솔루션 기업 아르고스가 46억 원 투자를 유치했다"
"2026-07-23","김기사랩투자조합4호","Argos","AI 에이전트로 기업 운영 혁신… 아르고스, 강남구 미래사업 오픈이노베...","https://www.venturesquare.net/1100362/","U0B03AUF5J6","Argos가 AI 에이전트로 기업 운영을 혁신하며 강남구 미래사업에 참여"
"2026-08-04","김기사랩투자조합 3호","남도마켓","남도마켓, 디캠프 배치 3기 디데이서 ‘전통 도매시장 AI OS’ 스케일업...","https://www.etoday.co.kr/news/view/2610508","U0B03AUF5J6","남도마켓이 디캠프 배치 3기에서 전통 도매시장 AI OS를 스케일업"
"2026-08-04","김기사랩투자조합 3호","리조트피플","리조트휘트니스, 롯데백화점 일산점서 웰니스 팝업스토어 개최","https://www.businesskorea.co.kr/news/articleView.html?idxno=274007","U0B03AUF5J6","리조트휘트니스가 롯데백화점 일산점에서 웰니스 팝업스토어를 연다"
"2026-08-04","김기사랩투자조합 3호","리조트피플","리조트피플, 독립유공자 후손 기부 마라톤 ‘815런’ 후원","https://www.etoday.co.kr/news/view/2610289","U0B03AUF5J6","리조트피플이 독립유공자 후손 지원 마라톤 '815런'을 후원"
"2026-08-06","김기사랩투자조합 3호","고레로보틱스","[더벨][thebell interview | 건설부동산 AX 기업 돋보기] 이동민 고레로보...","https://www.thebell.co.kr/free/content/ArticleView.asp?key=202607281422212840105474","U0B03AUF5J6","고레로보틱스, 건설부동산 분야 AI·자동화 솔루션 개발"
"2026-08-06","김기사랩투자조합 3호","고레로보틱스","[더벨][건설부동산 AX 기업 돋보기] 고레로보틱스, 물류 넘어 PF 금융비...","https://www.thebell.co.kr/free/content/ArticleView.asp?key=202607231802146160104655","U0B03AUF5J6","고레로보틱스, 물류 로봇으로 PF 금융 시장 진출"
"2026-08-06","김기사랩투자조합 2호","페이히어","외국인 손님 넘치는 면서울, 언어장벽 지운 결제의 비밀","https://www.econovill.com/news/articleView.html?idxno=747258","U0B03AUF5J6","페이히어의 결제 솔루션이 면서울의 언어장벽을 해결하고 외국인 고객 유입을 늘렸다"
"2026-08-07","김기사랩투자조합 3호","매월매주","한국마사회, 스타트업 10곳과 손잡고 말산업에 AI·바이오 혁신 입힌다","http://www.newsian.co.kr/news/articleView.html?idxno=93373","U0B03AUF5J6","한국마사회가 스타트업 10곳과 협력해 말산업에 AI·바이오 기술을 도입"
"2026-08-10","김기사랩투자조합 3호","클리카","클리카, 싱가포르·프랑스 국방 AI 챌린지 최종 선정","https://n.news.naver.com/mnews/article/018/0006348506?sid=105","U0B03AUF5J6","클리카가 싱가포르·프랑스 국방 AI 챌린지 최종 선정팀으로 선정됨"
"2026-08-12","김기사랩투자조합 3호","남도마켓","[더벨][디캠프 배치 인사이드] 남도마켓, 거래 플랫폼 넘어 '도매시장 O...","https://www.thebell.co.kr/free/content/ArticleView.asp?key=202608110854223340106137","U0B03AUF5J6","남도마켓이 거래 플랫폼을 넘어 도매시장으로 사업 확장"
"2026-08-20","김기사랩투자조합 3호","스위그","뤼이도' 운영사 스위그, ISO 27001 인증 획득… AI 협업 시대 정보보호...","https://kr.aving.net/news/articleView.html?idxno=1813368","U0B03AUF5J6","스위그가 ISO 27001 인증을 획득하며 AI 협업 시대 정보보호 강화"
"2026-08-21","김기사랩투자조합 3호","나니아랩스","[2026 전남광주미래산업박람회] 나니아랩스, 제조업 설계 자동화 플랫폼...","https://n.news.naver.com/mnews/article/030/0003458850?sid=102","U0B03AUF5J6","나니아랩스가 제조업 설계 자동화 플랫폼을 2026 전남광주미래산업박람회에 선보임"
"2026-08-26","김기사랩투자조합 3호","고레로보틱스","야간 자재 운반 로봇으로, 건설현장 '24시간' 운영","http://www.engjournal.co.kr/news/articleView.html?idxno=3941","U0B03AUF5J6","고레로보틱스의 야간 자재 운반 로봇이 건설현장의 24시간 운영을 가능하게 함"
"2026-08-27","김기사랩투자조합 1호","마이프랜차이즈","마이프차, 프라임 빌딩과 브랜드 잇는 '리테일 서비스' 내놨다","https://platum.kr/archives/293277","U0B03AUF5J6","마이프랜차이즈가 프라임 빌딩과 협력해 리테일 서비스를 출시했다"
"2026-08-28","김기사랩투자조합4호","수앤캐롯츠","서울시·SBA '2026 뷰티 크리에이티브포스', 글로벌 크리에이터 공식 모...","http://www.e2news.com/news/articleView.html?idxno=333621","U0B03AUF5J6","수앤캐롯츠, 서울시·SBA와 함께 2026 뷰티 크리에이티브포스 글로벌 크리에이터 모집"
"2026-08-28","김기사랩투자조합4호","매일새옷","[SBA x IT동아] 매일새옷 ""동네 세탁소와 상생하는 동반성장 플랫폼""","https://it.donga.com/109423/","U0B03AUF5J6","매일새옷은 동네 세탁소와 함께 상생하는 동반성장 플랫폼을 운영"
"2026-08-31","김기사랩투자조합 3호","고레로보틱스","[더벨][thebell note] 로보틱스가 바꿀 건설업의 미래","https://www.thebell.co.kr/free/content/ArticleView.asp?key=202608261412582080101176","U0B03AUF5J6","로보틱스 기술이 건설업의 미래를 혁신적으로 변화시킬 것으로 예상됨"
"2026-09-05","김기사랩투자조합 3호","매월매주","대전하나시티즌, ACLE 진출 기념 프리미엄 전통주 'SHOOT(ROAD TO ASIA)' 출...","https://m.sports.naver.com/kfootball/article/076/0004442620","U0B03AUF5J6","대전하나시티즌 ACLE 진출 기념 프리미엄 전통주 출시"
"2026-09-08","김기사랩투자조합 2호","알세미","반도체 설계도, 이제 AI가 그린다…삼성·SK가 주목한 ‘AI 엔지니어’","https://www.kukinews.com/article/view/kuk202609070214","U0B03AUF5J6","AI가 반도체 설계도를 자동으로 그리는 기술로 삼성·SK가 관심"
"2026-09-09","김기사랩투자조합 3호","쏘핏","쏘핏, 누리하우스 투자 유치, 웰니스 뷰티 브랜드 ‘하루나’ 글로벌 확...","https://magazine.hankyung.com/job-joy/article/202609080833d","U0B03AUF5J6","쏘핏이 누리하우스로부터 투자 유치해 웰니스 뷰티 브랜드 '하루나'의 글로벌 확장을 추진"
"2026-09-09","김기사랩투자조합 3호","에이아이링고","[리걸테크] 에이아이링고, 'PATINEX 2026'에서 AI 특허 번역 솔루션 공개","http://www.legaltimes.co.kr/news/articleView.html?idxno=95902","U0B03AUF5J6","에이아이링고가 PATINEX 2026에서 AI 특허 번역 솔루션을 공개"
