회사명,한줄소개,로고 이미지 URL,홈페이지 URL,노출여부(Y/N)
비사이드코리아,주주총회 및 주주소통 지원 플랫폼,https://drive.google.com/file/d/1IXrCJNpWxvFFjUB1Fhv8OeMZo4dZbihh/view?usp=drive_link,https://bside.ai,Y
큐팁,AI 영상 통합 제작 플랫폼,https://drive.google.com/file/d/1Hr2u3pS9-RSo0a6IAhR9CyLSq7oFZfXM/view?usp=drive_link,https://tacu.ai,Y
조인트,거래처 전용 비즈니스 메신저,https://drive.google.com/file/d/1dd31J5xff58GmysMSvxMwhGC7KgUs4Jv/view?usp=drive_link,https://www.joint.now/,Y
티제이랩스,실내 위치 기반 솔루션 및 서비스,https://drive.google.com/file/d/1DQim4q9C21IVPXbaeBdguwdbAmacztHe/view?usp=drive_link,https://tjlabscorp.com,Y
매일새옷,세탁업 특화 ERP 및 모바일 세탁 플랫폼,https://drive.google.com/file/d/1iQomcYDK6DF9L5R5-3ALCnX5_6kAvSH_/view?usp=drive_link,www.dry.co.kr,Y
고레로보틱스,건설 현장 최적화 자율주행 로봇 솔루션,https://drive.google.com/file/d/1L71icJWR4O_iX-zhh1Zl_KE3fLvlSlnu/view?usp=drive_link,https://golerobotics.com/,Y
필드멘토,VIP 고객 및 기업 맞춤형 골프 행사 플랫폼,https://drive.google.com/file/d/1OPIeKTIQOIfRsuf-aIUlxtKU8C0EiVvd/view?usp=drive_link,https://fieldmentor.co.kr,Y
비랩트,작가-팬 커뮤니티 플랫폼 '숄더',https://drive.google.com/file/d/1uCyzyCPMOiGpPCgPQfibdEunWEerkGiE/view?usp=drive_link,https://www.berapt.com,Y
론픽,AI 데이터 기반 스마트 피트니스 솔루션,https://drive.google.com/file/d/1iLDmP9T3BIReq6Uwg9R0-G_O99MJMhak/view?usp=drive_link,https://www.ronfic.com/,Y
매월매주,기업 전용 맞춤형 주류 PB 제작 솔루션,https://drive.google.com/file/d/1CWqIN-dHkX0pTKbgin1AFNP7-qYMo5rv/view?usp=drive_link,https://mewolmejoo.com,Y
준컴퍼니,신차 매칭 및 차량 거래 서비스 '카랩',https://drive.google.com/file/d/1wwHCmvnbNl8tVUPgy7ZvqZZV5kaJA4n8/view?usp=drive_link,www.carlab.kr,Y
페이히어,자영업·프랜차이즈 특화 모바일 POS 솔루션,https://drive.google.com/file/d/1fWK_mUR2b3rXosHPHPQVkn7dxS77RsL9/view?usp=drive_link,https://payhere.in/,Y
뉴메스 ,산업 현장의 복잡하고 고도화된 난제를 해결하는 독자적인 AX 솔루션,https://drive.google.com/file/d/1hPstW_lEu6XMGRXZl9ccMx-vMjeOmyBr/view?usp=drive_link,https://www.newmes.io/,Y
수앤캐롯츠,"외국인에게 새로운 기회를, 기업에게 글로벌 시장을 연결하는 플랫폼 'Soo House'",https://drive.google.com/file/d/1PHvp_BiwkWLJmjoSw0bi3bejG5djoKhW/view?usp=drive_link,https://www.sooandcarrots.com/,Y
리뉴어스랩,세상의 모든 탄소 데이터를 연결하는 기후 데이터 스타트업,https://drive.google.com/file/d/1B_swX5tYM4A4SqVLCzvkDqqTa4qbIa4V/view?usp=drive_link,https://carbonlink.co.kr,Y
알세미,AI 기반 시뮬레이션·모델링 기술로 반도체를 중심으로 다양한 제조 산업의 개발과 생산을 혁신,https://drive.google.com/file/d/1JNqxAF6ZtLlNQL3FBHi1f2JkOS_lsMAl/view?usp=drive_link,www.alsemy.com,Y
크래프타,K-팬덤 이커머스에 자체 결제·정산 핀테크를 더해 창작자와 팬을 잇는 TMM,https://drive.google.com/file/d/1NHUg3Ix7HY9FAOrhWLZY5RfORnuQ7a2E/view?usp=drive_link,takemm.com,Y
서사,짧고 효율적인 학습으로 배움을 삶에 연결하는 에듀테크 플랫폼,,www.brainmate.co.kr,Y
쿼타랩,상장·비상장 자본시장을 혁신하는 대한민국 금융 인프라,,https://www.quotalab.com/,Y
마이프랜차이즈,예비사장님이 더욱 현명하게 결정 할 수 있도록 돕는 대한민국 1등 프랜차이즈 창업 플랫폼,,myfranchise.kr,Y
나니아랩스,제조업 설계 전 과정(모델 구축~현장 활용)을 하나의 Agentic AI 플랫폼(AslanX)으로 제공하는 딥테크 기업,,https://www.narnia.ai/,Y
플레어랩스,AI를 통해 기업의 차세대 마케팅 방법론을 제안하는 기업,,flarelane.com,Y
스위그,스위그는 누구나 더 나은 방식으로 일하고 성장할 수 있도록 일하는 환경과 경험을 혁신하는 회사입니다.,,https://www.swyg.im/,Y
브이드림,장애인의 모든 라이프스타일을 자유롭게 해소할 수 있는 시스템,,https://www.vdream.co.kr/,Y
디지털뉴트리션,세상에서 가장 간편한 방법의 일상 건강 향상 연구개발 기업,,https://digitalnutrition.info,Y
모아이스,스포츠 버티컬 AI 기업,,https://golffix.io/ko,Y
엑스크루,스포츠·액티비티와 여행 콘텐츠를 기술로 연결하여 새로운 지역 경험을 만드는 AI 기반 스포츠·액티비티 플랫폼 기업,,https://xcrew.kr,Y
테네터스,VR·HMD 기술을 기반으로 의료현장의 검사 환경을 디지털화하는 의료기기 브랜드,,https://tenetus.com/,Y
언디파인드,"인공지능 시대에 고용이 아니라 참여로, 소속이 아니라 기여로 일하는 방식을 만들고 있는 기업",,orrery.so,Y
핀스케어,"모든 이들의 더 건강한 내일을 위해, 지금 필요한 의료를 가장 빠르고 정확하게 연결하는 기업",,www.finthcare.com,Y
유비스랩,"웨어러블 센서와 데이터 분석 기술을 기반으로, 스포츠 선수의 퍼포먼스와 성장을 데이터로 관리하는 스포츠테크 기업",,https://soccerbee.me/,Y
리조트피플,"여행지 같은 공간과 운동·휴식·만남의 경험을 설계해, 사람을 모으고 머물게 하는 기업",,https://www.resortpeople.net/,Y
크픽,팔린 만큼만 수수료를 내는 초간편 인플루언서 판매 플랫폼,,https://www.cpik.kr,Y
같다,"한국을 넘어 아시아 1위 가입자를 보유한 환경자원 영역의 No.1 플랫폼 ""빼기""를 운영중인 기업",,www.gatda.com,Y
남도마켓,AI 기반 도매시장 OS(운영제체) 기업,,https://www.ndmarket.co.kr/,Y
빅셀글로벌,"쿠팡·네이버 등 온라인 셀러를 위한 이커머스 SaaS로, 판매 데이터 분석뿐 아니라 중국 1688 상품 소싱, AI 썸네일·상세페이지 제작, 구매대행·포워딩, 쿠팡 로켓그로스 입고 자동화까지 하나의 플랫폼에서 제공하는 기업",,https://bigcell.co.kr/,Y
링크루트,"흩어진 콘텐츠 링크를 AI로 분석해, 유저가 필요한 순간 필요한 행동으로 연결하는 AI 링크 분석 플랫폼 기업",,https://picknic.io/,Y
에이아이링고,AILingGo는 AI 기술로 언어의 장벽을 허무는 것을 목표로 하는 AI 번역 전문 기업,,https://ailinggo.ai/,Y
더트라이브,"차량 관리 부터 매매까지, 상위 1%를 위한 차량 컨시어지 기업",,https://thetrive.com/,Y
케이뷰티월드와이드,"뷰티 빅데이터를 기반으로 K-BEAUTY OBM을 제공하는, 글로벌 뷰티 액셀러레이터",,k-b.kr,Y
Argos Identity,AI 기술을 활용해 개인과 기업의 신원 확인 및 규제 준수(컴플라이언스) 절차를 자동화하는 글로벌 보안 솔루션 기업,,https://www.argosidentity.com/ko,Y
